date,open_512890,high_512890,low_512890,close_512890,volume_512890,amount_512890,open_588000,high_588000,low_588000,close_588000,volume_588000,amount_588000,advancers,decliners
2024-03-22,1.004,1.006,0.993,1.001,135671142,135806813.142,0.842,0.848,0.831,0.832,2785309058,2317377136.256,,
2024-03-25,1.0,1.014,0.997,1.003,145267700,145703503.1,0.831,0.836,0.819,0.82,2342986848,1921249215.36,,
2024-03-26,1.003,1.005,0.993,1.004,135872200,136415688.8,0.819,0.825,0.806,0.81,2641757492,2139823568.52,,
2024-03-27,1.003,1.01,0.995,0.998,216256753,215824239.494,0.809,0.81,0.788,0.789,2721263796,2147077135.044,,
2024-03-28,0.998,1.005,0.994,1.0,114662200,114662200.0,0.788,0.809,0.788,0.799,2628323443,2100030430.957,,
2024-03-29,0.998,1.016,0.997,1.015,235091185,238617552.775,0.798,0.801,0.788,0.8,2183507643,1746806114.4,,
2024-04-01,1.014,1.024,1.011,1.015,139067100,141153106.5,0.803,0.815,0.802,0.813,2244366947,1824670327.911,,
2024-04-02,1.016,1.026,1.015,1.023,93586719,95739213.537,0.813,0.813,0.801,0.806,1924687754,1551298329.724,,
2024-04-03,1.025,1.033,1.018,1.033,496615900,513004224.7,0.806,0.807,0.792,0.794,2076199507,1648502408.558,,
2024-04-08,1.029,1.043,1.024,1.036,623706999,646160450.964,0.792,0.793,0.776,0.778,2143341973,1667520054.994,,
2024-04-09,1.033,1.042,1.025,1.029,119367700,122829363.3,0.776,0.786,0.772,0.785,2101408225,1649605456.625,,
2024-04-10,1.029,1.037,1.025,1.03,169305300,174384459.0,0.786,0.787,0.768,0.773,2281803175,1763833854.275,,
2024-04-11,1.029,1.047,1.025,1.043,230067900,239960819.7,0.771,0.783,0.77,0.774,2260656259,1749747944.466,,
2024-04-12,1.041,1.046,1.036,1.04,170372200,177187088.0,0.776,0.783,0.772,0.773,1989451201,1537845778.373,,
2024-04-15,1.041,1.065,1.037,1.063,326863900,347456325.7,0.773,0.79,0.771,0.785,2599767248,2040817289.68,,
2024-04-16,1.064,1.073,1.052,1.061,274218200,290945510.2,0.78,0.784,0.766,0.768,2243367359,1722906131.712,,
2024-04-17,1.061,1.083,1.053,1.082,373767000,404415894.0,0.772,0.786,0.77,0.785,2404663857,1887661127.745,,
2024-04-18,1.078,1.094,1.075,1.082,450503300,487444570.6,0.782,0.793,0.775,0.781,2870052218,2241510782.258,,
2024-04-19,1.074,1.091,1.074,1.084,277268715,300559287.06,0.776,0.777,0.764,0.765,2396393950,1833241371.75,,
2024-04-22,1.084,1.09,1.06,1.062,350065500,371769561.0,0.759,0.77,0.753,0.766,1979211860,1516076284.76,,
2024-04-23,1.056,1.058,1.042,1.046,361936600,378585683.6,0.768,0.77,0.759,0.763,1706734911,1302238737.093,,
2024-04-24,1.042,1.047,1.034,1.043,212862700,222015796.1,0.765,0.774,0.762,0.773,1812966716,1401423271.468,,
2024-04-25,1.043,1.053,1.039,1.052,187748500,197511422.0,0.77,0.775,0.765,0.768,1776317263,1364211657.984,,
2024-04-26,1.047,1.053,1.033,1.039,501346000,520898494.0,0.768,0.789,0.768,0.787,3121651526,2456739750.962,,
2024-04-29,1.035,1.038,1.028,1.036,1298328500,1345068326.0,0.79,0.816,0.788,0.812,3443606947,2796208840.964,,
2024-04-30,1.03,1.046,1.03,1.04,287741900,299251576.0,0.81,0.812,0.801,0.804,2509667456,2017772634.624,,
2024-05-06,1.042,1.048,1.036,1.047,223647600,234159037.2,0.817,0.821,0.81,0.813,2701045154,2195949710.202,,
2024-05-07,1.048,1.049,1.04,1.048,170470168,178652736.064,0.812,0.816,0.804,0.806,2158435274,1739698830.844,,
2024-05-08,1.044,1.059,1.044,1.053,263705700,277682102.1,0.804,0.805,0.796,0.797,1956625874,1559430821.578,,
2024-05-09,1.051,1.062,1.05,1.061,167503400,177721107.39999998,0.797,0.816,0.797,0.815,3113858131,2537794376.765,,
2024-05-10,1.06,1.068,1.057,1.066,212388000,226405608.0,0.815,0.816,0.801,0.804,2503171382,2012549791.128,,
2024-05-13,1.062,1.074,1.056,1.072,295128200,316377430.40000004,0.798,0.805,0.793,0.798,1818134895,1450871646.21,,
2024-05-14,1.068,1.071,1.061,1.068,195094836,208361284.848,0.801,0.805,0.795,0.796,1725033120,1373126363.52,,
2024-05-15,1.066,1.074,1.062,1.066,355927300,379418501.8,0.795,0.796,0.784,0.784,2123827690,1665080908.96,,
2024-05-16,1.068,1.073,1.065,1.068,176170200,188149773.6,0.786,0.79,0.779,0.781,2361833499,1844591962.719,,
2024-05-17,1.068,1.076,1.064,1.075,160550300,172591572.5,0.779,0.79,0.776,0.79,2246019681,1774355547.99,,
2024-05-20,1.076,1.09,1.075,1.087,244398300,265660952.1,0.789,0.796,0.785,0.789,2539761235,2003871614.415,,
2024-05-21,1.085,1.092,1.083,1.089,237160027,258267269.403,0.787,0.791,0.782,0.783,1592693477,1247078992.491,,
2024-05-22,1.089,1.098,1.086,1.088,198911300,216415494.4,0.784,0.792,0.778,0.789,2383369194,1880478294.066,,
2024-05-23,1.085,1.086,1.073,1.076,244922200,263536287.2,0.787,0.789,0.775,0.777,2280434231,1771897397.487,,
2024-05-24,1.074,1.088,1.073,1.076,248444500,267326282.00000003,0.776,0.781,0.76,0.761,2496314443,1899695291.123,,
2024-05-27,1.077,1.095,1.076,1.095,206687269,226322559.555,0.76,0.773,0.753,0.772,2696641061,2081806899.092,,
2024-05-28,1.095,1.097,1.086,1.09,252885992,275645731.28000003,0.77,0.78,0.768,0.769,2287581302,1759150021.2380002,,
2024-05-29,1.089,1.1,1.085,1.092,214528600,234265231.2,0.768,0.775,0.765,0.769,1750536516,1346162580.804,,
2024-05-30,1.087,1.098,1.08,1.083,203171998,220035273.834,0.768,0.781,0.764,0.777,2523032669,1960396383.813,,
2024-05-31,1.083,1.09,1.081,1.085,134578669,146017855.865,0.778,0.786,0.775,0.778,1943624540,1512139892.12,,
2024-06-03,1.084,1.084,1.066,1.071,186928423,200200341.033,0.778,0.79,0.776,0.785,2806203509,2202869754.565,,
2024-06-04,1.069,1.078,1.065,1.076,202314304,217690191.104,0.784,0.791,0.781,0.789,1990277172,1570328688.7080002,,
2024-06-05,1.076,1.077,1.059,1.06,207020800,219442048.0,0.788,0.798,0.786,0.788,2461233690,1939452147.72,,
2024-06-06,1.06,1.072,1.06,1.066,207464100,221156730.6,0.792,0.795,0.777,0.779,2569443536,2001596514.544,,
2024-06-07,1.065,1.075,1.064,1.075,196404600,211134945.0,0.779,0.786,0.768,0.775,2574002772,1994852148.3,,
2024-06-11,1.073,1.075,1.05,1.055,228203200,240754376.0,0.774,0.795,0.772,0.794,3857240284,3062648785.4960003,,
2024-06-12,1.053,1.068,1.049,1.066,165781600,176723185.60000002,0.797,0.799,0.791,0.793,2826646888,2241530982.184,,
2024-06-13,1.068,1.068,1.052,1.055,170231500,179594232.5,0.795,0.804,0.793,0.796,3283896592,2613981687.2320004,,
2024-06-14,1.054,1.061,1.052,1.058,132325600,140000484.8,0.794,0.794,0.788,0.791,2603568840,2059422952.44,,
2024-06-17,1.057,1.058,1.042,1.044,179082800,186962443.2,0.788,0.797,0.786,0.794,2131849282,1692688329.908,,
2024-06-18,1.043,1.049,1.037,1.047,178518800,186909183.6,0.794,0.801,0.789,0.794,2238953282,1777728905.908,,
2024-06-19,1.047,1.055,1.046,1.051,202981000,213333031.0,0.794,0.796,0.783,0.787,2690606410,2117507244.67,,
2024-06-20,1.05,1.054,1.045,1.05,140751100,147788655.0,0.789,0.803,0.786,0.791,4211952895,3331654739.945,,
2024-06-21,1.048,1.055,1.045,1.05,121423400,127494570.0,0.787,0.796,0.78,0.795,2969518670,2360767342.65,,
2024-06-24,1.048,1.048,1.031,1.036,145002069,150222143.484,0.793,0.799,0.772,0.774,3807684522,2947147820.028,,
2024-06-25,1.036,1.046,1.035,1.042,160087880,166811570.96,0.773,0.774,0.747,0.751,3867505752,2904496819.752,,
2024-06-26,1.04,1.048,1.035,1.047,193845800,202956552.6,0.751,0.767,0.747,0.764,2878462088,2199145035.232,,
2024-06-27,1.045,1.051,1.041,1.046,233963757,244726089.822,0.76,0.762,0.749,0.75,2249603485,1687202613.75,,
2024-06-28,1.046,1.062,1.043,1.059,327372598,346687581.282,0.749,0.759,0.743,0.745,2481693174,1848861414.63,,
2024-07-01,1.058,1.078,1.057,1.078,201458298,217172045.244,0.745,0.748,0.732,0.743,2215047916,1645780601.588,,
2024-07-02,1.077,1.08,1.069,1.08,213397700,230469516.00000003,0.741,0.742,0.73,0.732,2302429483,1685378381.556,,
2024-07-03,1.078,1.081,1.066,1.068,219918594,234873058.392,0.733,0.741,0.725,0.734,2193055711,1609702891.874,,
2024-07-04,1.068,1.075,1.062,1.064,132587800,141073419.20000002,0.735,0.738,0.722,0.723,2198912880,1589814012.24,,
2024-07-05,1.064,1.068,1.05,1.057,186709000,197351413.0,0.721,0.733,0.715,0.731,2513605282,1837445461.142,,
2024-07-08,1.057,1.062,1.05,1.052,216503300,227761471.6,0.729,0.736,0.721,0.724,1873949181,1356739207.044,,
2024-07-09,1.051,1.066,1.046,1.065,216472100,230542786.5,0.722,0.745,0.721,0.742,2904143451,2154874440.642,,
2024-07-10,1.062,1.063,1.044,1.044,384858328,401792094.432,0.74,0.748,0.738,0.743,1941534534,1442560158.762,,
2024-07-11,1.047,1.051,1.042,1.046,160935532,168338566.472,0.754,0.758,0.744,0.751,2514211345,1888172720.095,,
2024-07-12,1.046,1.054,1.044,1.047,361803500,378808264.5,0.747,0.754,0.743,0.752,1988011226,1494984441.952,,
2024-07-15,1.045,1.058,1.04,1.057,203833000,215451481.0,0.749,0.753,0.745,0.748,1560529948,1167276401.104,,
2024-07-16,1.055,1.06,1.048,1.053,128840800,135669362.4,0.746,0.766,0.743,0.764,3261281158,2491618804.712,,
2024-07-17,1.054,1.055,1.044,1.047,109673600,114828259.2,0.763,0.769,0.761,0.762,2000239412,1524182431.944,,
2024-07-18,1.045,1.052,1.038,1.051,167094200,175616004.2,0.757,0.773,0.751,0.769,2608322986,2005800376.234,,
2024-07-19,1.048,1.049,1.037,1.043,198198400,206720931.2,0.765,0.785,0.764,0.784,3129917922,2453855650.848,,
2024-07-22,1.042,1.043,1.024,1.033,226835153,234320713.049,0.784,0.792,0.781,0.787,2350035780,1849478158.86,,
2024-07-23,1.031,1.038,1.028,1.029,154097079,158565894.29099998,0.786,0.786,0.755,0.756,2670541940,2018929706.64,,
2024-07-24,1.027,1.035,1.024,1.029,183522506,188844658.674,0.754,0.76,0.745,0.746,2071762357,1545534718.322,,
2024-07-25,1.026,1.029,1.015,1.024,170542523,174635543.55200002,0.743,0.757,0.742,0.748,1664209875,1244828986.5,,
2024-07-26,1.022,1.025,1.01,1.016,152634891,155077049.256,0.749,0.758,0.744,0.753,1724821927,1298790911.031,,
2024-07-29,1.014,1.022,1.011,1.021,132857900,135647915.89999998,0.754,0.755,0.739,0.74,1791358543,1325605321.82,,
2024-07-30,1.019,1.02,1.011,1.013,142179600,144027934.79999998,0.738,0.746,0.733,0.743,2028337149,1507054501.707,,
2024-07-31,1.012,1.025,1.012,1.024,213188000,218304512.0,0.742,0.78,0.74,0.778,3664175217,2850728318.826,,
2024-08-01,1.023,1.03,1.021,1.025,149721800,153464845.0,0.779,0.784,0.77,0.774,2644044869,2046490728.606,,
2024-08-02,1.021,1.028,1.017,1.023,161270000,164979210.0,0.767,0.777,0.758,0.762,2596495552,1978529610.624,,
2024-08-05,1.022,1.025,1.008,1.013,203613000,206259969.0,0.756,0.765,0.738,0.738,3251040800,2399268110.4,,
2024-08-06,1.014,1.019,1.0,1.007,194876600,196240736.2,0.747,0.752,0.739,0.748,2195467944,1642210022.112,,
2024-08-07,1.006,1.016,1.003,1.012,121979200,123442950.4,0.748,0.751,0.741,0.742,1692051142,1255501947.364,,
2024-08-08,1.012,1.014,1.007,1.012,93534400,94656812.8,0.739,0.752,0.734,0.745,2193249828,1633971121.86,,
2024-08-09,1.015,1.018,1.013,1.014,108728100,110250293.4,0.751,0.754,0.74,0.742,1853697260,1375443366.92,,
2024-08-12,1.013,1.02,1.01,1.017,109374717,111234087.189,0.739,0.744,0.737,0.742,1336901803,991981137.826,,
2024-08-13,1.018,1.023,1.014,1.02,120352584,122759635.68,0.742,0.746,0.737,0.746,1497595792,1117206460.832,,
2024-08-14,1.018,1.023,1.016,1.017,108714900,110563053.3,0.746,0.746,0.735,0.736,1529325616,1125583653.376,,
2024-08-15,1.017,1.03,1.015,1.029,159361084,163982555.436,0.734,0.75,0.732,0.743,2425959297,1802487757.671,,
2024-08-16,1.027,1.034,1.027,1.033,182966057,189003936.881,0.742,0.746,0.738,0.74,1726993756,1277975379.44,,
2024-08-19,1.033,1.049,1.033,1.048,219118857,229636562.136,0.74,0.747,0.738,0.739,1735148403,1282274669.817,,
2024-08-20,1.048,1.048,1.032,1.039,134489600,139734694.39999998,0.739,0.74,0.725,0.728,2113885090,1538908345.52,,
2024-08-21,1.038,1.038,1.023,1.028,180724057,185784330.596,0.726,0.733,0.724,0.726,1525918543,1107816862.218,,
2024-08-22,1.027,1.037,1.027,1.031,183095600,188771563.6,0.727,0.73,0.717,0.719,1754093903,1261193516.257,,
2024-08-23,1.032,1.035,1.024,1.03,173485400,178689962.0,0.717,0.722,0.709,0.72,2195187285,1580534845.2,,
2024-08-26,1.027,1.032,1.021,1.031,241214900,248692561.9,0.718,0.723,0.713,0.715,1463306260,1046263975.9,,
2024-08-27,1.029,1.037,1.029,1.037,146310600,151724092.2,0.714,0.714,0.705,0.708,1854867678,1313246316.024,,
2024-08-28,1.035,1.039,1.027,1.031,159194600,164129632.6,0.706,0.709,0.702,0.704,1500798249,1056561967.296,,
2024-08-29,1.028,1.03,1.008,1.008,294560181,296916662.448,0.701,0.717,0.699,0.713,2111117421,1505226721.173,,
2024-08-30,1.009,1.016,0.998,1.003,284621400,285475264.2,0.711,0.735,0.71,0.728,3176350726,2312383328.528,,
2024-09-02,1.002,1.013,0.996,1.006,168597600,169609185.6,0.725,0.729,0.703,0.703,2634563426,1852098088.478,,
2024-09-03,1.005,1.01,0.99,0.995,193246400,192280168.0,0.702,0.715,0.702,0.708,1735176124,1228504695.7919998,,
2024-09-04,0.991,0.996,0.986,0.993,132194600,131269237.8,0.703,0.712,0.699,0.705,1718601154,1211613813.57,,
2024-09-05,0.991,0.996,0.985,0.99,103792300,102754377.0,0.705,0.714,0.701,0.705,1795917036,1266121510.38,,
2024-09-06,0.99,0.996,0.982,0.982,156455300,153639104.6,0.706,0.707,0.694,0.696,1977847734,1376582022.8639998,,
2024-09-09,0.981,0.982,0.964,0.966,239248840,231114379.44,0.692,0.698,0.685,0.687,1904647894,1308493103.1780002,,
2024-09-10,0.966,0.97,0.96,0.967,199974900,193375728.3,0.689,0.696,0.68,0.692,2033924379,1407475670.268,,
2024-09-11,0.964,0.965,0.941,0.944,245038300,231316155.2,0.689,0.698,0.688,0.695,1881168360,1307412010.1999998,,
2024-09-12,0.944,0.954,0.941,0.949,254410770,241435820.73,0.697,0.704,0.69,0.69,1625458931,1121566662.39,,
2024-09-13,0.951,0.957,0.945,0.946,202080600,191168247.6,0.689,0.694,0.681,0.683,1555430659,1062359140.097,,
2024-09-18,0.946,0.964,0.944,0.962,181290812,174401761.144,0.685,0.686,0.671,0.678,1896853305,1286066540.7900002,,
2024-09-19,0.96,0.963,0.95,0.962,138652924,133384112.888,0.68,0.69,0.673,0.683,2470049273,1687043653.459,,
2024-09-20,0.959,0.963,0.954,0.96,155981200,149741952.0,0.682,0.685,0.673,0.678,1962868101,1330824572.4780002,,
2024-09-23,0.958,0.975,0.957,0.971,205171764,199221782.844,0.678,0.685,0.673,0.674,1885836864,1271054046.336,,
2024-09-24,0.976,1.015,0.975,1.015,449507000,456249605.0,0.68,0.7,0.671,0.699,4343124347,3035843918.553,,
2024-09-25,1.025,1.049,1.025,1.031,363359662,374623811.522,0.706,0.718,0.699,0.7,5141748568,3599223997.6,,
2024-09-26,1.029,1.063,1.027,1.062,378870423,402360389.226,0.698,0.729,0.695,0.728,5394135257,3926930467.096,,
2024-09-27,1.07,1.08,1.039,1.062,301119162,319788550.044,0.739,0.797,0.738,0.792,5944008177,4707654476.184,,
2024-09-30,1.072,1.14,1.069,1.127,856393723,965155725.821,0.85,0.95,0.813,0.95,16179648142,15370665734.9,,
2024-10-08,1.222,1.24,1.106,1.142,496030609,566466955.4779999,1.14,1.14,1.045,1.14,22604813107,25769486941.98,,
2024-10-09,1.121,1.121,1.052,1.054,602625988,635167791.352,1.138,1.202,1.0,1.096,25452949093,27896432205.928,,
2024-10-10,1.054,1.125,1.054,1.102,525885370,579525677.74,1.091,1.092,1.0,1.026,16642271122,17074970171.172,,
2024-10-11,1.108,1.108,1.07,1.082,455345393,492683715.226,1.0,1.0,0.937,0.951,15037756671,14300906594.121,,
2024-10-14,1.089,1.121,1.089,1.113,386066600,429692125.8,0.949,0.982,0.919,0.974,12137905883,11822320330.042,,
2024-10-15,1.108,1.115,1.088,1.089,220247100,239849091.9,0.965,0.991,0.945,0.946,9077098820,8586935483.719999,,
2024-10-16,1.084,1.117,1.081,1.108,242961100,269200898.8,0.92,0.945,0.915,0.923,7207906722,6652897904.406,,
2024-10-17,1.111,1.119,1.094,1.096,186067400,203929870.4,0.942,0.948,0.925,0.926,6751396714,6251793357.1640005,,
2024-10-18,1.093,1.113,1.078,1.102,428434300,472134598.6,0.926,1.094,0.923,1.041,20272016464,21103169139.024,,
2024-10-21,1.102,1.104,1.085,1.092,392211649,428295120.708,1.05,1.118,1.026,1.05,21136566088,22193394392.4,,
2024-10-22,1.088,1.099,1.088,1.096,128837882,141206318.67200002,1.031,1.055,1.02,1.037,10805825417,11205640957.429,,
2024-10-23,1.095,1.098,1.091,1.095,255164244,279404847.18,1.03,1.057,1.024,1.032,9440920842,9743030308.944,,
2024-10-24,1.091,1.094,1.086,1.089,78074000,85022586.0,1.024,1.04,1.02,1.029,6176303183,6355415975.306999,,
2024-10-25,1.087,1.091,1.083,1.087,101751200,110603554.4,1.034,1.068,1.025,1.045,9050743881,9458027355.645,,
2024-10-28,1.084,1.09,1.076,1.089,160906204,175226856.156,1.04,1.043,1.027,1.039,5526887729,5742436350.431,,
2024-10-29,1.089,1.091,1.072,1.073,186923540,200568958.42,1.04,1.06,1.026,1.028,8047631857,8272965548.996,,
2024-10-30,1.071,1.082,1.06,1.066,163522620,174315112.92000002,1.02,1.026,0.998,1.008,7425712297,7485117995.376,,
2024-10-31,1.064,1.07,1.055,1.063,309421000,328914523.0,1.006,1.029,0.998,1.02,8344620323,8511512729.46,,
2024-11-01,1.061,1.083,1.061,1.076,205748343,221385217.068,1.01,1.019,0.989,0.99,7656103781,7579542743.19,,
2024-11-04,1.08,1.086,1.07,1.085,110604800,120006208.0,0.985,1.005,0.985,1.004,4749336777,4768334124.108,,
2024-11-05,1.084,1.099,1.083,1.098,213183600,234075592.8,1.004,1.05,1.0,1.05,10251246611,10763808941.55,,
2024-11-06,1.098,1.102,1.091,1.095,204075000,223462125.0,1.054,1.072,1.039,1.053,9441814111,9942230258.883,,
2024-11-07,1.091,1.115,1.088,1.114,283387267,315693415.438,1.042,1.096,1.039,1.087,8289403297,9010581383.839,,
2024-11-08,1.116,1.118,1.092,1.099,231251000,254144849.0,1.109,1.129,1.08,1.081,10695859257,11562223856.817,,
2024-11-11,1.097,1.097,1.079,1.089,150015100,163366443.9,1.082,1.131,1.082,1.13,10496034906,11860519443.78,,
2024-11-12,1.086,1.096,1.075,1.079,294664408,317942896.232,1.13,1.136,1.093,1.105,7904319869,8734273455.244999,,
2024-11-13,1.08,1.089,1.075,1.086,145241400,157732160.4,1.095,1.117,1.092,1.116,6532661707,7290450465.012001,,
2024-11-14,1.082,1.091,1.077,1.078,112112500,120857275.0,1.11,1.12,1.076,1.08,5712865469,6169894706.52,,
2024-11-15,1.078,1.088,1.074,1.076,138466800,148990276.8,1.076,1.084,1.038,1.04,6601256457,6865306715.280001,,
2024-11-18,1.081,1.109,1.081,1.095,328332600,359524197.0,1.04,1.055,1.013,1.02,6136072709,6258794163.18,,
2024-11-19,1.096,1.102,1.083,1.096,152763000,167428248.0,1.025,1.053,1.01,1.052,6438643319,6773452771.588,,
2024-11-20,1.094,1.098,1.088,1.098,128698100,141310513.8,1.045,1.061,1.039,1.055,5019791877,5295880430.235,,
2024-11-21,1.098,1.1,1.092,1.097,181417700,199015216.9,1.055,1.073,1.051,1.064,5522699134,5876151878.576,,
2024-11-22,1.097,1.099,1.067,1.068,219533805,234462103.74,1.062,1.072,1.02,1.022,5663373411,5787967626.042,,
2024-11-25,1.068,1.08,1.065,1.071,266388800,285302404.8,1.021,1.025,0.991,1.008,5563038845,5607543155.76,,
2024-11-26,1.068,1.077,1.067,1.073,246847800,264867689.4,1.005,1.019,1.001,1.002,3354363058,3361071784.116,,
2024-11-27,1.07,1.087,1.062,1.085,351448600,381321731.0,1.001,1.039,0.99,1.038,6355077414,6596570355.732,,
2024-11-28,1.086,1.089,1.08,1.083,98823100,107025417.3,1.037,1.056,1.032,1.034,4975769855,5144946030.07,,
2024-11-29,1.083,1.091,1.082,1.085,131475503,142650920.755,1.031,1.078,1.029,1.06,6650570087,7049604292.22,,
2024-12-02,1.087,1.089,1.079,1.086,187992800,204160180.8,1.06,1.075,1.053,1.068,4673890752,4991715323.136001,,
2024-12-03,1.087,1.1,1.08,1.099,398475501,437924575.599,1.068,1.074,1.048,1.057,4239604607,4481262069.599,,
2024-12-04,1.098,1.107,1.091,1.101,474849500,522809299.5,1.072,1.075,1.045,1.05,4509282657,4734746789.85,,
2024-12-05,1.1,1.105,1.098,1.101,456829400,502969169.4,1.045,1.058,1.043,1.053,3086002528,3249560661.984,,
2024-12-06,1.101,1.119,1.1,1.115,1071820800,1195080192.0,1.056,1.077,1.045,1.067,5530441116,5900980670.771999,,
2024-12-09,1.115,1.125,1.11,1.119,554149300,620093066.7,1.065,1.069,1.046,1.054,4123320875,4345980202.25,,
2024-12-10,1.14,1.15,1.118,1.119,645401401,722204167.719,1.117,1.117,1.059,1.063,7480879032,7952174411.016,,
2024-12-11,1.118,1.125,1.116,1.122,209041700,234544787.40000004,1.058,1.068,1.056,1.059,3673935605,3890697805.695,,
2024-12-12,1.121,1.125,1.117,1.123,236405600,265483488.8,1.059,1.067,1.05,1.063,3963972965,4213703261.795,,
2024-12-13,1.121,1.122,1.102,1.104,222830600,246004982.4,1.057,1.061,1.039,1.042,5093651308,5307584662.936,,
2024-12-16,1.104,1.125,1.102,1.122,387820001,435134041.122,1.04,1.042,1.021,1.025,3651657641,3742949082.025,,
2024-12-17,1.119,1.127,1.113,1.114,531643300,592250636.2,1.022,1.03,1.016,1.019,3365043211,3428979032.009,,
2024-12-18,1.117,1.129,1.115,1.122,509604068,571775764.296,1.022,1.036,1.016,1.033,4156736584,4293908891.272,,
2024-12-19,1.116,1.119,1.105,1.108,511016000,566205728.0,1.022,1.05,1.019,1.045,4452487526,4652849464.67,,
2024-12-20,1.107,1.111,1.1,1.101,455859300,501901089.3,1.041,1.08,1.041,1.065,6913986773,7363395913.245,,
2024-12-23,1.101,1.114,1.1,1.106,336203500,371841071.00000006,1.065,1.08,1.05,1.052,4381165623,4608986235.396,,
2024-12-24,1.104,1.117,1.103,1.115,365773800,407837787.0,1.056,1.071,1.045,1.069,3845100805,4110412760.545,,
2024-12-25,1.116,1.125,1.115,1.122,353516208,396645185.3760001,1.072,1.08,1.064,1.072,4129442058,4426761886.176001,,
2024-12-26,1.121,1.123,1.114,1.119,236116200,264214027.8,1.07,1.085,1.066,1.081,3809200470,4117745708.07,,
2024-12-27,1.116,1.124,1.107,1.123,396464297,445229405.531,1.08,1.099,1.071,1.074,4674962803,5020910050.422,,
2024-12-30,1.121,1.132,1.12,1.131,363387500,410991262.5,1.07,1.087,1.066,1.077,3216259936,3463911951.072,,
2024-12-31,1.131,1.137,1.122,1.124,498164133,559936485.4920001,1.076,1.078,1.043,1.045,4636200346,4844829361.57,,
2025-01-02,1.121,1.129,1.091,1.101,704826800,776014306.8,1.041,1.042,0.997,1.009,6885249234,6947216477.105999,,
2025-01-03,1.101,1.105,1.082,1.086,543443100,590179206.6,1.009,1.015,0.992,0.993,4723167885,4690105709.805,,
2025-01-06,1.085,1.088,1.074,1.087,520876200,566192429.4,0.995,1.001,0.981,0.989,3601774473,3562154953.797,,
2025-01-07,1.087,1.091,1.078,1.091,314531600,343153975.6,0.991,1.019,0.987,1.018,4838914497,4926014957.946,,
2025-01-08,1.087,1.098,1.081,1.095,316400400,346458438.0,1.01,1.029,0.988,1.017,4860929703,4943565507.950999,,
2025-01-09,1.093,1.093,1.081,1.084,306233800,331957439.20000005,1.013,1.025,1.012,1.015,3260293445,3309197846.675,,
2025-01-10,1.081,1.085,1.069,1.07,314955600,337002492.0,1.013,1.034,1.004,1.005,4657320568,4680607170.839999,,
2025-01-13,1.067,1.069,1.053,1.058,340570900,360324012.2,0.99,1.009,0.99,1.005,3062703082,3078016597.41,,
2025-01-14,1.061,1.077,1.059,1.074,273217200,293435272.8,1.012,1.039,1.0,1.037,5457524840,5659453259.08,,
2025-01-15,1.073,1.088,1.072,1.078,240723400,259499825.2,1.031,1.044,1.025,1.032,3494528021,3606352917.672,,
2025-01-16,1.08,1.088,1.078,1.087,147492600,160324456.2,1.037,1.048,1.008,1.011,4959672499,5014228896.488999,,
2025-01-17,1.086,1.09,1.079,1.084,221825000,240458300.00000003,1.005,1.033,1.001,1.02,4317767103,4404122445.06,,
2025-01-20,1.088,1.093,1.082,1.085,191810600,208114501.0,1.026,1.033,1.017,1.022,3198748697,3269121168.334,,
2025-01-21,1.088,1.089,1.074,1.076,219980447,236698960.972,1.027,1.034,1.019,1.031,3405444422,3511013199.082,,
2025-01-22,1.076,1.076,1.058,1.061,328849100,348908895.1,1.027,1.034,1.021,1.029,2808804570,2890259902.53,,
2025-01-23,1.069,1.082,1.069,1.078,305014200,328805307.6,1.041,1.049,1.02,1.021,4374203037,4466061300.776999,,
2025-01-24,1.078,1.086,1.07,1.082,322262900,348688457.8,1.018,1.034,1.018,1.029,3136969229,3227941336.641,,
2025-01-27,1.085,1.1,1.084,1.097,282503400,309906229.8,1.03,1.03,1.008,1.009,3357932031,3388153419.279,,
2025-02-05,1.098,1.1,1.075,1.077,406120296,437391558.792,1.039,1.044,1.028,1.037,5558588063,5764255821.330999,,
2025-02-06,1.077,1.082,1.071,1.078,340747100,367325373.8,1.031,1.069,1.029,1.067,5207330154,5556221274.318,,
2025-02-07,1.076,1.083,1.072,1.079,461430667,497883689.693,1.067,1.093,1.059,1.076,6066813988,6527891851.088,,
2025-02-10,1.078,1.081,1.075,1.079,303531700,327510704.3,1.077,1.095,1.074,1.094,4665154144,5103678633.536,,
2025-02-11,1.078,1.09,1.078,1.089,421866300,459412400.7,1.093,1.095,1.075,1.08,3615761824,3905022769.92,,
2025-02-12,1.088,1.092,1.084,1.091,362628603,395627805.873,1.082,1.1,1.077,1.099,4249838508,4670572520.292,,
2025-02-13,1.09,1.098,1.088,1.094,340060500,372026187.0,1.099,1.1,1.072,1.073,3947352986,4235509753.978,,
2025-02-14,1.091,1.095,1.086,1.094,382712600,418687584.4,1.068,1.081,1.064,1.078,3754848942,4047727159.476,,
2025-02-17,1.094,1.095,1.086,1.093,368923000,403232839.0,1.085,1.096,1.083,1.093,4206072682,4597237441.426,,
2025-02-18,1.092,1.103,1.09,1.095,427727527,468361642.065,1.092,1.093,1.062,1.066,4192977098,4469713586.468,,
2025-02-19,1.093,1.094,1.09,1.094,262485700,287159355.8,1.066,1.092,1.065,1.092,4650878954,5078759817.768001,,
2025-02-20,1.091,1.092,1.087,1.09,355213500,387182715.0,1.091,1.099,1.083,1.091,3036518038,3312841179.458,,
2025-02-21,1.09,1.092,1.078,1.082,691930782,748669106.1240001,1.099,1.159,1.096,1.157,9207213247,10652745726.779,,
2025-02-24,1.08,1.084,1.076,1.079,274971161,296693882.719,1.155,1.171,1.143,1.161,4958041740,5756286460.14,,
2025-02-25,1.078,1.08,1.069,1.071,246089000,263561319.0,1.141,1.179,1.138,1.162,4671689834,5428503587.108,,
2025-02-26,1.072,1.081,1.072,1.079,328070600,353988177.4,1.164,1.189,1.151,1.186,5027953377,5963152705.122,,
2025-02-27,1.079,1.09,1.075,1.089,463259950,504490085.55,1.185,1.2,1.16,1.185,4922629807,5833316321.295,,
2025-02-28,1.088,1.091,1.082,1.084,354224696,383979570.4640001,1.177,1.182,1.132,1.133,5884493789,6667131462.937,,
2025-03-03,1.084,1.088,1.08,1.083,383758736,415610711.088,1.133,1.145,1.112,1.119,4064825324,4548539537.556,,
2025-03-04,1.08,1.085,1.079,1.084,154581100,167565912.4,1.11,1.146,1.107,1.139,4307487602,4906228378.678,,
2025-03-05,1.084,1.091,1.081,1.091,220145550,240178795.05,1.138,1.148,1.129,1.142,3039792492,3471443025.864,,
2025-03-06,1.091,1.093,1.083,1.087,403985600,439132347.2,1.157,1.185,1.157,1.181,5490791977,6484625324.837,,
2025-03-07,1.085,1.089,1.083,1.085,381075804,413467247.34,1.174,1.18,1.161,1.167,4439740497,5181177159.999001,,
2025-03-10,1.085,1.085,1.076,1.079,228635600,246697812.4,1.164,1.171,1.146,1.163,3607203404,4195177558.852,,
2025-03-11,1.076,1.085,1.073,1.084,326673506,354114080.504,1.147,1.161,1.144,1.158,3423273922,3964151201.676,,
2025-03-12,1.084,1.088,1.082,1.086,185818595,201798994.17,1.164,1.17,1.15,1.15,3335871189,3836251867.35,,
2025-03-13,1.085,1.093,1.084,1.091,272247600,297022131.6,1.147,1.153,1.12,1.126,3916603394,4410095421.643999,,
2025-03-14,1.091,1.101,1.091,1.1,261453100,287598410.0,1.126,1.146,1.124,1.146,4092522060,4690030280.759999,,
2025-03-17,1.102,1.106,1.099,1.104,199975900,220773393.6,1.146,1.149,1.134,1.14,2233019172,2545641856.08,,
2025-03-18,1.105,1.105,1.099,1.102,201575900,222136641.8,1.145,1.161,1.144,1.146,2839275049,3253809206.154,,
2025-03-19,1.102,1.109,1.099,1.108,170068200,188435565.6,1.142,1.146,1.13,1.131,2826998800,3197335642.8,,
2025-03-20,1.109,1.112,1.102,1.105,396030421,437613615.205,1.13,1.132,1.118,1.119,3081790290,3448523334.51,,
2025-03-21,1.103,1.112,1.096,1.103,407912600,449927597.8,1.115,1.12,1.088,1.095,4448786428,4871421138.66,,
2025-03-24,1.101,1.109,1.101,1.108,207947900,230406273.2,1.093,1.101,1.082,1.101,3471115613,3821698289.913,,
2025-03-25,1.109,1.116,1.107,1.115,277362337,309259005.755,1.098,1.102,1.079,1.083,3232179591,3500450497.053,,
2025-03-26,1.114,1.116,1.11,1.112,386919500,430254484.00000006,1.083,1.093,1.08,1.081,2614354939,2826117689.059,,
2025-03-27,1.111,1.118,1.111,1.115,338113737,376996816.755,1.08,1.106,1.077,1.092,3280840956,3582678323.952,,
2025-03-28,1.115,1.115,1.108,1.112,365864700,406841546.4,1.09,1.096,1.08,1.081,2310943407,2498129822.967,,
2025-03-31,1.112,1.121,1.108,1.112,372818400,414574060.8,1.074,1.082,1.062,1.074,3305118917,3549697716.8580003,,
2025-04-01,1.111,1.116,1.108,1.115,294980200,328902923.0,1.079,1.088,1.073,1.076,2611780785,2810276124.6600003,,
2025-04-02,1.114,1.124,1.113,1.121,255319233,286212860.193,1.071,1.082,1.071,1.074,1867436602,2005626910.548,,
2025-04-03,1.118,1.126,1.115,1.125,368866698,414975035.25,1.065,1.082,1.063,1.068,2727506264,2912976689.952,,
2025-04-07,1.107,1.107,1.042,1.064,903368606,961184196.784,1.016,1.031,0.92,0.97,8238895254,7991728396.38,,
2025-04-08,1.065,1.089,1.064,1.088,553089300,601761158.4000001,0.978,0.998,0.97,0.986,4393164863,4331660554.918,,
2025-04-09,1.076,1.086,1.064,1.085,635936060,689990625.1,0.97,1.041,0.961,1.028,6730346439,6918796139.292,,
2025-04-10,1.088,1.095,1.082,1.09,443099700,482978673.00000006,1.05,1.056,1.033,1.042,4338261284,4520468257.928,,
2025-04-11,1.087,1.09,1.082,1.087,354201600,385017139.2,1.036,1.078,1.034,1.061,4766363944,5057112144.584,,
2025-04-14,1.089,1.096,1.085,1.095,278342500,304785037.5,1.071,1.076,1.055,1.064,3049339618,3244497353.552,,
2025-04-15,1.095,1.107,1.093,1.106,233184207,257901732.94200003,1.061,1.062,1.045,1.054,2444326656,2576320295.4240003,,
2025-04-16,1.104,1.117,1.104,1.116,386437148,431263857.168,1.063,1.065,1.045,1.061,2598860671,2757391171.931,,
2025-04-17,1.114,1.119,1.109,1.117,240675986,268835076.362,1.056,1.074,1.054,1.066,2427389442,2587597145.172,,
2025-04-18,1.116,1.123,1.115,1.12,232879230,260824737.6,1.063,1.063,1.053,1.059,1769053036,1873427165.124,,
2025-04-21,1.12,1.127,1.113,1.114,454878635,506734799.3900001,1.062,1.071,1.057,1.07,2013515227,2154461292.8900003,,
2025-04-22,1.115,1.122,1.113,1.121,259928300,291379624.3,1.069,1.074,1.062,1.066,1777502359,1894817514.694,,
2025-04-23,1.122,1.122,1.113,1.116,274020953,305807383.54800004,1.069,1.073,1.06,1.063,1999656457,2125634813.791,,
2025-04-24,1.115,1.127,1.115,1.126,333704990,375751818.74,1.063,1.064,1.05,1.052,1706545341,1795285698.732,,
2025-04-25,1.126,1.128,1.122,1.125,245098400,275735700.0,1.052,1.061,1.047,1.054,1922280392,2026083533.168,,
2025-04-28,1.124,1.133,1.123,1.13,424575453,479770261.8899999,1.054,1.058,1.047,1.051,1329357852,1397155102.452,,
2025-04-29,1.128,1.133,1.125,1.127,249205200,280854260.4,1.048,1.055,1.044,1.053,1417469854,1492595756.2619998,,
2025-04-30,1.126,1.126,1.106,1.109,727538700,806840418.3,1.052,1.064,1.05,1.062,1701711098,1807217186.076,,
2025-05-06,1.109,1.11,1.102,1.109,364496389,404226495.401,1.067,1.078,1.064,1.078,2227058340,2400768890.52,,
2025-05-07,1.113,1.118,1.11,1.118,247878400,277128051.20000005,1.095,1.098,1.072,1.081,2921993400,3158674865.4,,
2025-05-08,1.117,1.126,1.115,1.124,268867900,302207519.6,1.077,1.081,1.073,1.077,1879556545,2024282398.965,,
2025-05-09,1.123,1.134,1.122,1.132,341434900,386504306.8,1.073,1.074,1.056,1.056,2657854995,2806694874.7200003,,
2025-05-12,1.132,1.138,1.128,1.133,364103000,412528699.0,1.061,1.067,1.054,1.063,2572618676,2734693652.588,,
2025-05-13,1.134,1.145,1.131,1.144,290344671,332154303.62399995,1.07,1.072,1.059,1.06,2196199305,2327971263.3,,
2025-05-14,1.144,1.154,1.139,1.152,337164071,388413009.792,1.062,1.072,1.056,1.065,2625249191,2795890388.415,,
2025-05-15,1.151,1.156,1.147,1.148,296150500,339980774.0,1.062,1.063,1.049,1.05,2311898484,2427493408.2000003,,
2025-05-16,1.146,1.148,1.135,1.14,270805789,308718599.46,1.048,1.05,1.041,1.044,1872882138,1955288952.072,,
2025-05-19,1.139,1.147,1.138,1.142,192728482,220095926.444,1.044,1.049,1.035,1.045,2262026378,2363817565.01,,
2025-05-20,1.143,1.15,1.143,1.147,241384272,276867759.984,1.045,1.052,1.043,1.048,1504395513,1576606497.624,,
2025-05-21,1.147,1.157,1.146,1.155,214522300,247773256.5,1.047,1.05,1.043,1.045,1486401249,1553289305.205,,
2025-05-22,1.155,1.16,1.15,1.159,231234850,268001191.15,1.044,1.05,1.038,1.039,1717826732,1784821974.548,,
2025-05-23,1.159,1.166,1.15,1.15,351224450,403908117.5,1.038,1.046,1.029,1.03,2262536584,2330412681.52,,
2025-05-26,1.15,1.154,1.143,1.147,515422700,591189836.9,1.035,1.038,1.03,1.035,1636568330,1693848221.55,,
2025-05-27,1.148,1.152,1.145,1.149,253720200,291524509.8,1.034,1.035,1.025,1.028,1709880805,1757757467.54,,
2025-05-28,1.149,1.155,1.146,1.154,186011500,214657271.0,1.027,1.029,1.022,1.023,1219952352,1248011256.096,,
2025-05-29,1.154,1.157,1.15,1.152,456849833,526291007.616,1.024,1.041,1.024,1.04,2342913675,2436630222.0,,
2025-05-30,1.153,1.161,1.152,1.159,274156301,317747152.859,1.037,1.037,1.028,1.03,1717028303,1768539152.0900002,,
2025-06-03,1.157,1.171,1.155,1.169,273794506,320065777.514,1.028,1.04,1.028,1.034,1514900813,1566407440.642,,
2025-06-04,1.168,1.175,1.166,1.174,227546935,267140101.69,1.034,1.041,1.034,1.04,1269517664,1320298370.56,,
2025-06-05,1.174,1.176,1.164,1.165,729063464,849358935.5600001,1.041,1.053,1.036,1.051,2018940133,2121906079.783,,
2025-06-06,1.166,1.171,1.166,1.168,228147520,266476303.36,1.051,1.051,1.043,1.047,1501665094,1572243353.418,,
2025-06-09,1.169,1.17,1.161,1.169,510096633,596302963.977,1.048,1.057,1.045,1.053,1642273162,1729313639.586,,
2025-06-10,1.169,1.178,1.165,1.169,300958697,351820716.793,1.054,1.054,1.027,1.032,2868078980,2959857507.36,,
2025-06-11,1.169,1.174,1.169,1.173,145258900,170388689.70000002,1.033,1.04,1.03,1.031,2011755904,2074120337.024,,
2025-06-12,1.173,1.178,1.17,1.176,214330300,252052432.8,1.029,1.032,1.024,1.027,1548494294,1590303639.938,,
2025-06-13,1.176,1.179,1.166,1.169,794373300,928622387.7,1.023,1.028,1.016,1.022,2264738115,2314562353.53,,
2025-06-16,1.168,1.175,1.164,1.175,233302200,274130085.0,1.02,1.025,1.018,1.021,1415265618,1444986195.978,,
2025-06-17,1.175,1.178,1.17,1.172,220068577,257920372.244,1.022,1.023,1.01,1.012,2550102150,2580703375.8,,
2025-06-18,1.172,1.179,1.168,1.179,289692477,341547430.383,1.011,1.021,1.009,1.018,2141285912,2179829058.416,,
2025-06-19,1.177,1.18,1.172,1.177,244778121,288103848.417,1.016,1.024,1.009,1.012,2254476433,2281530150.196,,
2025-06-20,1.177,1.184,1.174,1.182,256644135,303353367.57,1.012,1.017,1.005,1.006,1807987926,1818835853.556,,
2025-06-23,1.181,1.191,1.172,1.19,265346900,315762811.0,1.002,1.015,1.001,1.012,2242991457,2269907354.484,,
2025-06-24,1.188,1.193,1.183,1.191,260429694,310171765.554,1.014,1.032,1.013,1.029,3308880656,3404838195.024,,
2025-06-25,1.191,1.203,1.186,1.201,294073485,353182255.485,1.032,1.049,1.027,1.048,4227907594,4430847158.512,,
2025-06-26,1.198,1.207,1.195,1.206,274969220,331612879.32,1.047,1.058,1.041,1.041,3141663894,3270472113.654,,
2025-06-27,1.206,1.21,1.185,1.188,783890781,931262247.828,1.045,1.05,1.039,1.041,2575027662,2680603796.142,,
2025-06-30,1.184,1.189,1.18,1.186,421225179,499573062.294,1.043,1.056,1.043,1.056,2762805118,2917522204.6080003,,
2025-07-01,1.188,1.197,1.186,1.197,318877687,381696591.3390001,1.055,1.055,1.044,1.048,2168084438,2272152491.024,,
2025-07-02,1.196,1.205,1.196,1.2,343687600,412425120.0,1.046,1.046,1.032,1.035,2580734333,2671060034.655,,
2025-07-03,1.2,1.206,1.195,1.201,387731998,465666129.5980001,1.036,1.039,1.032,1.036,1742698326,1805435465.736,,
2025-07-04,1.2,1.216,1.199,1.211,385361000,466672171.0,1.037,1.049,1.027,1.035,3236463240,3349739453.4,,
2025-07-07,1.211,1.219,1.208,1.218,320191899,389993732.982,1.033,1.038,1.028,1.029,1688426524,1737390893.196,,
2025-07-08,1.218,1.221,1.21,1.215,348858372,423862921.98,1.031,1.045,1.028,1.044,2776940532,2899125915.408,,
2025-07-09,1.213,1.226,1.213,1.223,400727313,490089503.799,1.044,1.046,1.033,1.036,2359739011,2444689615.396,,
2025-07-10,1.223,1.234,1.222,1.23,260849536,320844929.28,1.034,1.038,1.03,1.033,2675848482,2764151481.906,,
2025-07-11,1.23,1.236,1.218,1.219,745372600,908609199.4,1.033,1.052,1.031,1.047,4454102666,4663445491.302,,
2025-07-14,1.219,1.232,1.217,1.227,487919299,598676979.873,1.048,1.052,1.044,1.046,2667962535,2790688811.61,,
2025-07-15,1.227,1.229,1.212,1.216,599682207,729213563.712,1.044,1.05,1.037,1.048,3542789761,3712843669.528,,
2025-07-16,1.218,1.218,1.205,1.21,612428458,741038434.18,1.05,1.06,1.045,1.049,3614903748,3792034031.652,,
2025-07-17,1.209,1.213,1.205,1.208,680894721,822520822.9679999,1.048,1.057,1.044,1.057,3487762646,3686565116.822,,
2025-07-18,1.209,1.215,1.207,1.213,445294781,540142569.353,1.06,1.065,1.054,1.06,2881964301,3054882159.06,,
2025-07-21,1.213,1.217,1.21,1.213,417335542,506228012.446,1.059,1.063,1.057,1.061,2473550290,2624436857.69,,
2025-07-22,1.214,1.216,1.199,1.214,637724740,774197834.36,1.061,1.072,1.059,1.069,3829518031,4093754775.139,,
2025-07-23,1.216,1.227,1.215,1.217,474394500,577338106.5,1.07,1.084,1.067,1.074,4582049707,4921121385.318,,
2025-07-24,1.215,1.216,1.205,1.208,579650839,700218213.512,1.072,1.087,1.072,1.086,3562410324,3868777611.864,,
2025-07-25,1.207,1.208,1.198,1.199,508102795,609215251.205,1.086,1.115,1.082,1.109,4841485687,5369207626.883,,
2025-07-28,1.197,1.203,1.193,1.197,378864232,453500485.704,1.111,1.114,1.103,1.11,3824352909,4245031728.99,,
2025-07-29,1.195,1.198,1.185,1.189,431055800,512525346.2000001,1.106,1.127,1.105,1.125,3751617205,4220569355.625,,
2025-07-30,1.189,1.2,1.186,1.194,433596596,517714335.624,1.122,1.129,1.105,1.112,4020255527,4470524146.024,,
2025-07-31,1.194,1.194,1.175,1.18,529290100,624562318.0,1.109,1.126,1.099,1.101,5284306318,5818021256.118,,
2025-08-01,1.18,1.185,1.172,1.181,357566499,422286035.319,1.101,1.111,1.082,1.091,3715716886,4053847122.626,,
2025-08-04,1.176,1.188,1.175,1.187,468991700,556693147.9,1.087,1.105,1.086,1.104,2668065561,2945544379.3440003,,
2025-08-05,1.188,1.201,1.185,1.2,399283400,479140080.0,1.103,1.109,1.101,1.109,2156832788,2391927561.892,,
2025-08-06,1.201,1.204,1.197,1.201,380238100,456665958.1,1.108,1.115,1.104,1.113,2462775999,2741069686.887,,
2025-08-07,1.201,1.206,1.196,1.206,298226320,359660941.92,1.113,1.123,1.107,1.112,3444161696,3829907805.952,,
2025-08-08,1.205,1.21,1.204,1.207,281892194,340243878.158,1.109,1.109,1.095,1.096,2866433200,3141610787.2000003,,
2025-08-11,1.207,1.209,1.196,1.2,640154000,768184800.0,1.096,1.107,1.096,1.103,2502165351,2759888382.153,,
2025-08-12,1.198,1.208,1.197,1.202,274476800,329921113.6,1.103,1.133,1.098,1.124,4946985066,5560411214.184001,,
2025-08-13,1.203,1.206,1.196,1.198,370545793,443913860.014,1.124,1.134,1.122,1.133,3803815058,4309722460.714,,
2025-08-14,1.197,1.207,1.196,1.199,353639268,424013482.332,1.134,1.166,1.134,1.142,6767811407,7728840626.794,,
2025-08-15,1.199,1.2,1.185,1.195,457555397,546778699.4150001,1.135,1.161,1.132,1.158,3705323699,4290764843.442,,
2025-08-18,1.193,1.201,1.191,1.197,507902383,607959152.451,1.171,1.196,1.161,1.183,5843084673,6912369168.159,,
2025-08-19,1.198,1.2,1.193,1.196,351485688,420376882.848,1.181,1.191,1.168,1.17,3737587297,4372977137.49,,
2025-08-20,1.195,1.207,1.192,1.207,372171905,449211489.335,1.166,1.208,1.162,1.208,5255683450,6348865607.599999,,
2025-08-21,1.207,1.214,1.203,1.214,391637065,475447396.91,1.209,1.233,1.201,1.208,4520834899,5461168557.992,,
2025-08-22,1.212,1.213,1.202,1.209,315645850,381615832.65,1.218,1.325,1.218,1.323,9416192718,12457622965.914,,
2025-08-25,1.209,1.22,1.205,1.219,449953000,548492707.0,1.343,1.388,1.316,1.356,9172014149,12437251186.044,,
2025-08-26,1.219,1.22,1.214,1.216,303534300,369097708.8,1.34,1.35,1.321,1.336,4579956285,6118821596.76,,
2025-08-27,1.214,1.216,1.195,1.197,507278700,607212603.9,1.35,1.4,1.336,1.337,8082918710,10806862315.27,,
2025-08-28,1.196,1.2,1.185,1.197,379998947,454858739.559,1.34,1.435,1.34,1.433,9189322431,13168299043.623,,
2025-08-29,1.195,1.209,1.192,1.194,328545393,392283199.242,1.4,1.417,1.383,1.412,5358240191,7565835149.691999,,
2025-09-01,1.194,1.201,1.186,1.191,403475669,480539521.779,1.419,1.438,1.391,1.431,4430739554,6340388301.774,,
2025-09-02,1.192,1.2,1.189,1.2,404894814,485873776.8,1.426,1.435,1.378,1.394,4975416881,6935731132.113999,,
2025-09-03,1.2,1.201,1.183,1.187,483274014,573646254.618,1.388,1.392,1.355,1.365,4124614334,5630098565.91,,
2025-09-04,1.186,1.192,1.174,1.19,480563368,571870407.92,1.362,1.367,1.26,1.282,6078071151,7792087215.582,,
2025-09-05,1.189,1.189,1.179,1.185,344535664,408274761.84,1.282,1.335,1.27,1.326,4937745361,6547450348.686,,
2025-09-08,1.182,1.188,1.179,1.185,302775811,358789336.035,1.327,1.335,1.303,1.328,3709118578,4925709471.584001,,
2025-09-09,1.185,1.191,1.184,1.191,281911447,335756533.37700003,1.315,1.335,1.301,1.307,3248113086,4245283803.402,,
2025-09-10,1.188,1.191,1.184,1.188,220460764,261907387.632,1.314,1.334,1.307,1.321,3349154500,4424233094.5,,
2025-09-11,1.188,1.192,1.18,1.192,333354100,397358087.2,1.314,1.4,1.304,1.393,5414482304,7542373849.472,,
2025-09-12,1.19,1.194,1.182,1.184,303929500,359852528.0,1.393,1.43,1.388,1.406,4457831489,6267711073.533999,,
2025-09-15,1.184,1.184,1.171,1.174,438328084,514597170.616,1.431,1.435,1.398,1.409,3717947964,5238588681.276,,
2025-09-16,1.175,1.178,1.168,1.17,384635820,450023909.4,1.413,1.439,1.413,1.426,3881600451,5535162243.125999,,
2025-09-17,1.17,1.176,1.167,1.175,365420900,429369557.5,1.421,1.449,1.405,1.44,3803763523,5477419473.12,,
2025-09-18,1.174,1.175,1.148,1.153,575644800,663718454.4,1.456,1.506,1.413,1.45,6170960059,8947892085.55,,
2025-09-19,1.153,1.16,1.146,1.159,309874800,359144893.2,1.456,1.471,1.426,1.431,4392227652,6285277770.012,,
2025-09-22,1.158,1.16,1.146,1.15,283851584,326429321.6,1.426,1.494,1.42,1.479,4249907377,6285613010.583,,
2025-09-23,1.15,1.159,1.143,1.157,476813803,551673570.071,1.478,1.49,1.432,1.475,4504334098,6643892794.55,,
2025-09-24,1.155,1.164,1.153,1.157,296506300,343057789.1,1.464,1.553,1.462,1.53,4901522216,7499328990.48,,
2025-09-25,1.157,1.158,1.145,1.149,250655800,288003514.2,1.524,1.56,1.521,1.548,3290993707,5094458258.436,,
2025-09-26,1.147,1.152,1.139,1.149,306440100,352099674.90000004,1.538,1.559,1.521,1.524,2887390253,4400382745.5720005,,
2025-09-29,1.148,1.155,1.141,1.147,381335919,437392299.093,1.516,1.544,1.495,1.543,3514297819,5422561534.717,,
2025-09-30,1.146,1.148,1.136,1.139,484191828,551494492.092,1.561,1.58,1.552,1.57,3303938554,5187183529.78,,
2025-10-09,1.138,1.142,1.133,1.142,385568234,440318923.228,1.607,1.667,1.596,1.618,4377525911,7082836923.998,,
2025-10-10,1.142,1.153,1.138,1.15,545103112,626868578.8,1.585,1.592,1.516,1.528,5690191022,8694611881.616,,
2025-10-13,1.146,1.159,1.136,1.156,1006068685,1163015399.86,1.47,1.55,1.47,1.546,4771059916,7376058630.136001,,
2025-10-14,1.155,1.179,1.151,1.177,1012335758,1191519187.166,1.56,1.563,1.47,1.481,4989998757,7390188159.117001,,
2025-10-15,1.176,1.184,1.173,1.182,972308974,1149269207.268,1.479,1.502,1.46,1.501,3697320745,5549678438.245,,
2025-10-16,1.182,1.191,1.18,1.19,664167776,790359653.4399999,1.487,1.516,1.479,1.487,3253715921,4838275574.527,,
2025-10-17,1.189,1.198,1.183,1.185,1041098892,1233702187.02,1.478,1.487,1.428,1.433,4157626000,5957878058.0,,
2025-10-20,1.186,1.189,1.172,1.187,744422697,883629741.339,1.456,1.468,1.425,1.437,3440730077,4944329120.649,,
2025-10-21,1.184,1.193,1.183,1.19,581161958,691582730.02,1.443,1.48,1.436,1.477,3991533656,5895495209.912001,,
2025-10-22,1.189,1.2,1.188,1.199,421027269,504811695.531,1.466,1.496,1.449,1.476,2978546949,4396335296.724,,
2025-10-23,1.199,1.207,1.195,1.206,389327110,469528494.66,1.465,1.475,1.445,1.473,2303813763,3393517672.899,,
2025-10-24,1.204,1.205,1.196,1.197,725463969,868380370.893,1.492,1.54,1.486,1.535,3644517145,5594333817.575,,
2025-10-27,1.194,1.204,1.189,1.198,821143262,983729627.876,1.562,1.567,1.53,1.558,4094437221,6379133190.318,,
2025-10-28,1.198,1.201,1.19,1.198,364697631,436907761.938,1.545,1.57,1.537,1.545,2779190530,4293849368.85,,
2025-10-29,1.196,1.196,1.181,1.187,580544462,689106276.394,1.541,1.569,1.538,1.565,3093687209,4841620482.085,,
2025-10-30,1.185,1.196,1.185,1.19,443501994,527767372.86,1.561,1.568,1.533,1.535,3363518136,5163000338.759999,,
2025-10-31,1.189,1.191,1.181,1.188,451071255,535872650.94,1.525,1.53,1.487,1.488,3798893384,5652753355.392,,
2025-11-03,1.189,1.205,1.188,1.204,458878610,552489846.4399999,1.474,1.478,1.441,1.47,3073836596,4518539796.12,,
2025-11-04,1.204,1.22,1.202,1.217,751410940,914467113.98,1.475,1.487,1.446,1.455,2920963959,4250002560.345,,
2025-11-05,1.216,1.22,1.21,1.217,483050763,587872778.571,1.43,1.468,1.425,1.46,2784624131,4065551231.26,,
2025-11-06,1.216,1.22,1.209,1.216,375080584,456097990.144,1.476,1.514,1.472,1.509,3259911662,4919206697.957999,,
2025-11-07,1.215,1.224,1.215,1.217,402403591,489725170.247,1.494,1.506,1.484,1.487,2072700695,3082105933.465,,
2025-11-10,1.217,1.228,1.212,1.227,497085972,609924487.644,1.491,1.504,1.459,1.478,2291806220,3387289593.16,,
2025-11-11,1.227,1.233,1.223,1.232,391315796,482101060.672,1.488,1.495,1.453,1.457,2083414328,3035534675.8960004,,
2025-11-12,1.232,1.247,1.232,1.243,560132753,696245011.9790001,1.446,1.458,1.431,1.449,2778838912,4026537583.488,,
2025-11-13,1.242,1.245,1.231,1.239,509505222,631276970.0580001,1.446,1.475,1.442,1.469,2338987695,3435972923.9550004,,
2025-11-14,1.237,1.248,1.235,1.235,435560044,537916654.34,1.451,1.46,1.43,1.431,2360496165,3377870012.115,,
2025-11-17,1.234,1.235,1.22,1.224,508594459,622519617.816,1.43,1.446,1.412,1.422,2336441524,3322419847.128,,
2025-11-18,1.222,1.226,1.211,1.217,624209831,759663364.327,1.417,1.443,1.415,1.427,2219153851,3166732545.3770003,,
2025-11-19,1.215,1.223,1.215,1.219,877376092,1069521456.148,1.422,1.432,1.405,1.413,1885837153,2664687897.189,,
2025-11-20,1.217,1.235,1.214,1.228,723870212,888912620.336,1.428,1.432,1.393,1.396,2358762453,3292832384.388,,
2025-11-21,1.222,1.227,1.208,1.209,935639245,1131187847.2050002,1.371,1.378,1.347,1.351,4361630301,5892562536.651,,
2025-11-24,1.212,1.215,1.202,1.202,447153696,537478742.592,1.357,1.372,1.337,1.36,2792526817,3797836471.12,,
2025-11-25,1.202,1.211,1.199,1.209,693467152,838401786.768,1.374,1.39,1.363,1.369,2974511982,4072106903.358,,
2025-11-26,1.209,1.214,1.201,1.203,569518062,685130228.5860001,1.362,1.394,1.358,1.382,2940497346,4063767332.172,,
2025-11-27,1.201,1.208,1.196,1.205,421689275,508135576.37500006,1.392,1.419,1.374,1.379,2739713768,3778065286.072,,
2025-11-28,1.203,1.205,1.199,1.204,416674559,501676169.036,1.374,1.396,1.368,1.393,2092399660,2914712726.38,,
2025-12-01,1.204,1.212,1.201,1.211,644458565,780439322.215,1.395,1.409,1.376,1.404,2162018305,3035473700.22,,
2025-12-02,1.211,1.212,1.205,1.208,421435200,509093721.6,1.401,1.403,1.381,1.387,2047449801,2839812873.987,,
2025-12-03,1.208,1.213,1.202,1.203,645739500,776824618.5,1.385,1.391,1.369,1.375,1824464188,2508638258.5,,
2025-12-04,1.203,1.205,1.197,1.198,494144918,591985611.7639999,1.37,1.395,1.36,1.394,2220846857,3095860518.658,,
2025-12-05,1.198,1.199,1.186,1.193,655302500,781775882.5,1.39,1.398,1.37,1.394,2592361812,3613752365.928,,
2025-12-08,1.191,1.193,1.186,1.19,443478535,527739456.65,1.397,1.43,1.394,1.42,3458519544,4911097752.48,,
2025-12-09,1.19,1.19,1.18,1.181,816128809,963848123.429,1.41,1.428,1.406,1.414,2478006591,3503901319.674,,
2025-12-10,1.181,1.185,1.173,1.176,365597903,429943133.928,1.404,1.42,1.385,1.415,2600962554,3680362013.91,,
2025-12-11,1.177,1.179,1.17,1.173,562689899,660035251.5270001,1.417,1.42,1.392,1.392,2067122085,2877433942.32,,
2025-12-12,1.174,1.176,1.17,1.174,520979200,611629580.8,1.393,1.42,1.381,1.418,2806429463,3979516978.534,,
2025-12-15,1.17,1.181,1.167,1.175,493118100,579413767.5,1.405,1.414,1.387,1.389,2163266912,3004777740.768,,
2025-12-16,1.176,1.179,1.167,1.169,514852195,601862215.955,1.382,1.386,1.353,1.361,2915608409,3968143044.649,,
2025-12-17,1.168,1.174,1.164,1.171,422666443,494942404.753,1.361,1.397,1.356,1.396,2863770720,3997823925.12,,
2025-12-18,1.17,1.184,1.166,1.181,522602379,617193409.599,1.384,1.394,1.375,1.376,1835119696,2525124701.696,,
2025-12-19,1.182,1.185,1.176,1.181,613264614,724265509.1340001,1.382,1.394,1.377,1.38,1815255366,2505052405.08,,
2025-12-22,1.181,1.182,1.173,1.173,635758462,745744675.926,1.385,1.41,1.384,1.405,2652107190,3726210601.95,,
2025-12-23,1.174,1.18,1.173,1.173,433724997,508759421.481,1.405,1.419,1.401,1.41,2113997940,2980737095.4,,
2025-12-24,1.173,1.177,1.17,1.177,439827420,517676873.34,1.412,1.424,1.403,1.423,2067989334,2942748822.282,,
2025-12-25,1.177,1.182,1.174,1.178,442904336,521741307.808,1.422,1.429,1.411,1.422,1803480036,2564548611.192,,
2025-12-26,1.177,1.179,1.173,1.175,393381300,462223027.5,1.423,1.429,1.411,1.419,2077429468,2947872415.092,,
2025-12-29,1.176,1.18,1.171,1.176,484669789,569971671.864,1.419,1.436,1.412,1.417,2577516234,3652340503.578,,
2025-12-30,1.174,1.177,1.171,1.175,407374049,478664507.5750001,1.414,1.439,1.414,1.433,2432160403,3485285857.499,,
2025-12-31,1.175,1.179,1.174,1.176,566012914,665631186.864,1.438,1.441,1.415,1.417,2197310494,3113588969.998,,
2026-01-05,1.176,1.177,1.168,1.173,809228700,949225265.1,1.433,1.479,1.428,1.479,4159373269,6151713064.851001,,
2026-01-06,1.173,1.175,1.168,1.174,1003278032,1177848409.5679998,1.481,1.52,1.476,1.505,3880341791,5839914395.455,,
2026-01-07,1.174,1.175,1.168,1.17,459286396,537365083.3199999,1.517,1.529,1.503,1.52,3456820544,5254367226.88,,
2026-01-08,1.169,1.169,1.159,1.161,650950682,755753741.802,1.514,1.562,1.514,1.531,3582033326,5484093022.106,,
2026-01-09,1.161,1.163,1.157,1.162,663165169,770597926.3779999,1.52,1.555,1.514,1.554,3473756610,5398217771.940001,,
2026-01-12,1.162,1.164,1.156,1.164,829679779,965747262.756,1.566,1.596,1.556,1.594,3576174548,5700422229.512,,
2026-01-13,1.164,1.172,1.163,1.166,947015800,1104220422.8,1.594,1.594,1.536,1.549,4436911064,6872775238.136,,
2026-01-14,1.167,1.168,1.155,1.156,829045732,958376866.192,1.552,1.613,1.552,1.579,5089309302,8036019387.858,,
2026-01-15,1.157,1.159,1.151,1.153,521808598,601645313.494,1.571,1.584,1.545,1.573,3492194661,5493222201.753,,
2026-01-16,1.153,1.155,1.14,1.143,919751870,1051276387.41,1.587,1.609,1.574,1.593,3691523521,5880596968.953,,
2026-01-19,1.143,1.147,1.14,1.144,657631921,752330917.624,1.59,1.606,1.582,1.586,2830606489,4489341891.554,,
2026-01-20,1.144,1.162,1.143,1.16,991343168,1149958074.88,1.585,1.605,1.55,1.56,3837376109,5986306730.04,,
2026-01-21,1.16,1.163,1.149,1.151,787985256,906971029.656,1.556,1.627,1.556,1.616,4245555184,6860817177.344001,,
2026-01-22,1.149,1.159,1.148,1.152,591403200,681296486.4,1.643,1.658,1.61,1.622,2741175613,4446186844.286,,
2026-01-23,1.151,1.154,1.145,1.148,565069300,648699556.4,1.61,1.635,1.604,1.635,2655972298,4342514707.2300005,,
2026-01-26,1.148,1.157,1.145,1.156,629864820,728123731.92,1.635,1.658,1.609,1.615,2654515608,4287042706.92,,
2026-01-27,1.155,1.156,1.147,1.148,764873300,878074548.4,1.606,1.645,1.586,1.64,2918892061,4786982980.04,,
2026-01-28,1.147,1.158,1.144,1.152,619681333,713872895.6159999,1.645,1.651,1.616,1.635,3148705248,5148133080.4800005,,
2026-01-29,1.15,1.169,1.149,1.169,755457571,883129900.4990001,1.631,1.642,1.587,1.589,3350348781,5323704213.009,,
2026-01-30,1.169,1.176,1.162,1.168,814795652,951681321.536,1.579,1.602,1.542,1.588,3242022111,5148331112.268001,,
2026-02-02,1.165,1.17,1.151,1.154,825324152,952424071.408,1.576,1.588,1.526,1.528,3137158158,4793577665.424,,
2026-02-03,1.154,1.156,1.143,1.15,754311530,867458259.4999999,1.551,1.556,1.504,1.548,3077135613,4763405928.924,,
2026-02-04,1.149,1.167,1.149,1.166,618224430,720849685.38,1.532,1.534,1.509,1.531,2613917180,4001907202.58,,
2026-02-05,1.166,1.182,1.166,1.181,754441619,890995552.039,1.508,1.517,1.491,1.508,2931610189,4420868165.012,,
2026-02-06,1.179,1.183,1.172,1.178,682113234,803529389.652,1.49,1.517,1.48,1.499,2553828857,3828189456.643,,
2026-02-09,1.177,1.183,1.174,1.181,603614454,712868670.174,1.527,1.536,1.517,1.535,2293604445,3520682823.075,,
2026-02-10,1.182,1.187,1.18,1.186,407076199,482792372.014,1.538,1.564,1.537,1.55,2058268306,3190315874.3,,
2026-02-11,1.185,1.19,1.182,1.188,396365078,470881712.664,1.54,1.545,1.53,1.533,1512249869,2318279049.177,,
2026-02-12,1.187,1.188,1.176,1.177,598861473,704859953.7210001,1.538,1.56,1.531,1.559,2016644543,3143948842.537,,
2026-02-13,1.176,1.178,1.165,1.167,645765495,753608332.6650001,1.55,1.57,1.544,1.548,1855753670,2872706681.16,,
2026-02-24,1.17,1.176,1.17,1.172,439323384,514887006.048,1.57,1.572,1.53,1.543,1760491762,2716438788.766,,
2026-02-25,1.172,1.18,1.167,1.169,808119894,944692156.086,1.547,1.559,1.531,1.552,2082856635,3232593497.52,,
2026-02-26,1.171,1.175,1.163,1.168,499280200,583159273.5999999,1.554,1.574,1.533,1.564,2468920801,3861392132.764,,
2026-02-27,1.168,1.174,1.166,1.172,445534000,522165848.0,1.55,1.572,1.541,1.566,1928790947,3020486623.0020003,,
2026-03-02,1.17,1.184,1.168,1.183,777712021,920033320.843,1.54,1.565,1.535,1.544,2155820703,3328587165.432,,
2026-03-03,1.183,1.203,1.183,1.196,1201515647,1437012713.812,1.544,1.549,1.459,1.464,3961495732,5799629751.648,,
2026-03-04,1.194,1.194,1.173,1.18,1110968200,1310942476.0,1.454,1.483,1.45,1.459,2137849153,3119121914.227,,
2026-03-05,1.179,1.187,1.174,1.182,572143500,676273617.0,1.489,1.499,1.471,1.482,2727848096,4042670878.272,,
2026-03-06,1.18,1.189,1.178,1.188,580577400,689725951.1999999,1.472,1.498,1.471,1.491,1688885410,2518128146.31,,
2026-03-09,1.19,1.195,1.184,1.187,1168092030,1386525239.61,1.463,1.473,1.424,1.465,2881333925,4221154200.125,,
2026-03-10,1.184,1.186,1.177,1.185,452751300,536510290.5,1.49,1.501,1.477,1.495,2170973327,3245605123.865,,
2026-03-11,1.184,1.197,1.178,1.196,601915324,719890727.504,1.497,1.503,1.474,1.477,2020213802,2983855785.5540004,,
2026-03-12,1.196,1.205,1.193,1.202,479502900,576362485.8,1.472,1.487,1.445,1.456,1880631916,2738200069.696,,
2026-03-13,1.201,1.212,1.201,1.205,558309370,672762790.85,1.446,1.466,1.438,1.45,1855026153,2689787921.85,,
2026-03-16,1.205,1.211,1.198,1.205,762268510,918533554.55,1.446,1.46,1.42,1.458,2660262968,3878663407.344,,
2026-03-17,1.203,1.214,1.203,1.21,475326700,575145307.0,1.459,1.464,1.425,1.428,2269397114,3240699078.792,,
2026-03-18,1.21,1.21,1.197,1.204,754436797,908341903.588,1.432,1.447,1.42,1.445,2182505407,3153720313.115,,
2026-03-19,1.202,1.211,1.198,1.201,587374697,705437011.097,1.424,1.427,1.405,1.411,2765117413,3901580669.743,,
2026-03-20,1.199,1.21,1.196,1.196,574315130,686880895.48,1.414,1.419,1.387,1.388,2904589942,4031570839.496,,
2026-03-23,1.19,1.192,1.153,1.158,1234527630,1429582995.54,1.366,1.375,1.32,1.329,4309028903,5726699412.087,,
2026-03-24,1.161,1.18,1.161,1.178,775052084,913011354.952,1.345,1.36,1.316,1.359,3385099544,4600350280.296,,
2026-03-25,1.177,1.189,1.168,1.188,843810451,1002446815.788,1.363,1.397,1.362,1.385,3332617020,4615674572.7,,
2026-03-26,1.186,1.193,1.184,1.185,526449776,623842984.5600001,1.383,1.386,1.353,1.357,1958526672,2657720693.904,,
2026-03-27,1.182,1.191,1.178,1.183,603197287,713582390.521,1.334,1.379,1.332,1.37,2294693153,3143729619.61,,
2026-03-30,1.179,1.194,1.178,1.193,621511813,741463592.909,1.347,1.364,1.337,1.359,2090774997,2841363220.923,,
2026-03-31,1.193,1.205,1.192,1.198,638312502,764698377.396,1.356,1.366,1.322,1.324,2573266713,3407005128.012,,
2026-04-01,1.199,1.206,1.195,1.197,582447004,697189063.788,1.354,1.372,1.35,1.369,3013854064,4125966213.616,,
2026-04-02,1.196,1.204,1.195,1.201,707666883,849907926.483,1.363,1.365,1.322,1.33,2675806342,3558822434.86,,
2026-04-03,1.201,1.202,1.184,1.188,904111773,1074084786.324,1.335,1.339,1.321,1.324,1751604814,2319124773.736,,
2026-04-07,1.188,1.188,1.177,1.18,562295519,663508712.42,1.33,1.355,1.327,1.342,2255214004,3026497193.368,,
2026-04-08,1.18,1.19,1.176,1.19,705963269,840096290.11,1.385,1.425,1.385,1.425,4004488918,5706396708.150001,,
2026-04-09,1.189,1.191,1.18,1.183,482704443,571039356.069,1.408,1.435,1.403,1.415,2695584889,3814252617.935,,
2026-04-10,1.182,1.186,1.18,1.181,518380174,612206985.4940001,1.434,1.457,1.434,1.437,2545706748,3658180596.876,,
2026-04-13,1.181,1.181,1.172,1.176,591143309,695184531.384,1.428,1.47,1.424,1.448,2592938081,3754574341.288,,
2026-04-14,1.177,1.182,1.176,1.181,452159533,534000408.4730001,1.473,1.484,1.461,1.479,2631892477,3892568973.483,,
2026-04-15,1.182,1.19,1.18,1.189,666919773,792967610.097,1.491,1.509,1.474,1.482,3038120642,4502494791.444,,
2026-04-16,1.188,1.192,1.185,1.189,488396756,580703742.8840001,1.485,1.501,1.477,1.498,2272496224,3404199343.552,,
2026-04-17,1.188,1.189,1.183,1.184,540939064,640471851.776,1.492,1.51,1.489,1.499,1971772578,2955687094.4220004,,
2026-04-20,1.184,1.191,1.181,1.19,553822433,659048695.27,1.5,1.529,1.5,1.527,2405922601,3673843811.727,,
2026-04-21,1.19,1.199,1.189,1.197,500467646,599059772.2620001,1.523,1.523,1.491,1.504,2326183182,3498579505.728,,
2026-04-22,1.196,1.198,1.191,1.192,326780483,389522335.736,1.496,1.53,1.495,1.529,2362275286,3611918912.294,,
2026-04-23,1.192,1.2,1.19,1.198,503845675,603607118.65,1.543,1.545,1.494,1.508,2557880448,3857283715.584,,
2026-04-24,1.198,1.203,1.193,1.198,634963800,760686632.4,1.513,1.551,1.493,1.531,3291692915,5039581852.865,,
2026-04-27,1.197,1.2,1.188,1.189,705498800,838838073.2,1.552,1.597,1.544,1.591,3305298405,5258729762.355,,
2026-04-28,1.188,1.193,1.186,1.192,491905560,586351427.52,1.579,1.608,1.559,1.568,2318388559,3635233260.512,,
2026-04-29,1.194,1.199,1.19,1.195,506400644,605148769.58,1.555,1.576,1.53,1.575,2293878893,3612859256.475,,
2026-04-30,1.196,1.196,1.186,1.188,750859233,892020768.8039999,1.592,1.665,1.59,1.654,5141054210,8503303663.339999,,
2026-05-06,1.188,1.189,1.177,1.183,771049738,912151840.054,1.719,1.812,1.709,1.744,4337690073,7564931487.312,,
2026-05-07,1.182,1.183,1.176,1.178,759575914,894780426.6919999,1.752,1.772,1.733,1.769,2353372829,4163116534.501,,
2026-05-08,1.178,1.183,1.175,1.177,471791150,555298183.5500001,1.744,1.745,1.712,1.727,2767801082,4779992468.614,,
2026-05-11,1.176,1.178,1.172,1.178,655267014,771904542.492,1.777,1.82,1.758,1.811,3705334346,6710360500.606,,
2026-05-12,1.178,1.181,1.174,1.176,608071822,715092462.6719999,1.802,1.841,1.777,1.816,2899940542,5266292024.272,,
2026-05-13,1.175,1.179,1.173,1.177,510646787,601031268.299,1.78,1.866,1.767,1.865,3417450678,6373545514.47,,
2026-05-14,1.177,1.179,1.173,1.176,475878063,559632602.0879999,1.884,1.898,1.814,1.815,3470171325,6298360954.875,,
2026-05-15,1.175,1.176,1.164,1.167,729235903,851018298.801,1.807,1.865,1.758,1.787,4418070448,7895091890.575999,,
2026-05-18,1.164,1.166,1.156,1.16,697085513,808619195.0799999,1.77,1.842,1.77,1.803,3313839092,5974851882.875999,,
2026-05-19,1.159,1.169,1.159,1.169,455981974,533042927.606,1.787,1.872,1.759,1.871,3799184196,7108273630.716,,
2026-05-20,1.168,1.17,1.163,1.164,445338859,518374431.876,1.857,1.933,1.856,1.931,3955865599,7638776471.669001,,
2026-05-21,1.163,1.165,1.158,1.161,386261685,448449816.285,1.967,1.994,1.853,1.86,4381124178,8148890971.080001,,
2026-05-22,1.159,1.16,1.151,1.155,815721350,942158159.25,1.873,1.899,1.84,1.887,3191348281,6022074206.247,,
2026-05-25,1.154,1.157,1.149,1.152,520917600,600097075.1999999,1.887,2.002,1.867,1.998,4328424855,8648192860.29,,
2026-05-26,1.151,1.157,1.15,1.156,515824600,596293237.5999999,1.983,1.983,1.922,1.968,3723469406,7327787791.007999,,
2026-05-27,1.156,1.157,1.146,1.15,638191300,733919995.0,1.972,2.003,1.905,1.911,3820345548,7300680342.228,,
2026-05-28,1.149,1.155,1.143,1.144,653530600,747639006.4,1.893,1.954,1.891,1.942,3883039052,7540861838.984,,
2026-05-29,1.144,1.169,1.142,1.167,796236525,929208024.675,1.944,1.952,1.82,1.844,4620430910,8520074598.04,,
2026-06-01,1.166,1.184,1.158,1.181,818364328,966488271.368,1.841,1.85,1.751,1.754,4195016494,7358058930.476,,
2026-06-02,1.179,1.191,1.178,1.182,737393618,871599256.476,1.756,1.803,1.728,1.781,3562692683,6345155668.422999,,
2026-06-03,1.18,1.18,1.162,1.173,801935785,940670675.805,1.788,1.872,1.784,1.823,4106087727,7485397926.321,,
2026-06-04,1.17,1.173,1.156,1.158,607509222,703495679.076,1.794,1.856,1.789,1.832,2285373033,4186803396.456,,
2026-06-05,1.159,1.17,1.158,1.159,517836280,600172248.52,1.801,1.829,1.75,1.763,3036765522,5353817615.285999,,
2026-06-08,1.158,1.167,1.155,1.165,720220930,839057383.45,1.69,1.725,1.665,1.683,3879251946,6528781025.118,,
2026-06-09,1.163,1.169,1.157,1.164,5800056,675247414.0,1.721,1.76,1.696,1.755,28793746,4978683139.0,,
2026-06-10,1.163,1.175,1.16,1.172,8484262,991797548.0,1.748,1.818,1.724,1.744,33172350,5864140526.0,,
2026-06-11,1.173,1.174,1.161,1.162,5146642,599549363.0,1.727,1.771,1.723,1.756,26617707,4645134518.0,,
2026-06-12,1.16,1.172,1.154,1.172,6670172,776223901.0,1.825,1.828,1.751,1.756,32648313,5855055733.0,,
2026-06-15,1.171,1.171,1.157,1.161,8545227,993128691.0,1.782,1.845,1.75,1.844,30014794,5441091921.0,,
2026-06-16,1.158,1.16,1.143,1.145,8886490,1021075120.0,1.845,1.863,1.823,1.855,25442446,4693669478.0,,
2026-06-17,1.146,1.148,1.135,1.14,7246282,825489444.0,1.828,1.94,1.819,1.939,34743070,6547205597.0,,
2026-06-18,1.138,1.138,1.111,1.115,14195527,1590233801.0,1.935,2.042,1.932,2.017,40816717,8160146209.0,,
2026-06-22,1.11,1.119,1.096,1.114,10285645,1135833014.0,2.026,2.07,1.981,2.056,36095738,7321099002.0,,
2026-06-23,1.111,1.13,1.11,1.118,8854411,992411157.0,2.04,2.09,1.992,2.023,36431581,7418469842.0,,
2026-06-24,1.118,1.12,1.097,1.099,7918908,875883361.0,2.0,2.105,1.987,2.096,42445906,8748955895.0,,
